"team","WIN_1","WIN_2","WIN_3","WIN_4","WIN_5","WIN_6","WIN_7","WIN_8","WIN_9","WIN_10","WIN_11","WIN_12","points_1","points_2","points_3","points_4","points_5","points_6","points_7","points_8","points_9","points_10","points_11","points_12","opp_points_1","opp_points_2","opp_points_3","opp_points_4","opp_points_5","opp_points_6","opp_points_7","opp_points_8","opp_points_9","opp_points_10","opp_points_11","opp_points_12","rank_1","rank_2","rank_3","rank_4","rank_5","rank_6","rank_7","rank_8","rank_9","rank_10","rank_11","rank_12","WIN_1.smooth","WIN_2.smooth","WIN_3.smooth","WIN_4.smooth","WIN_5.smooth","WIN_6.smooth","WIN_7.smooth","WIN_8.smooth","WIN_9.smooth","WIN_10.smooth","WIN_11.smooth","WIN_12.smooth","points_1.smooth","points_2.smooth","points_3.smooth","points_4.smooth","points_5.smooth","points_6.smooth","points_7.smooth","points_8.smooth","points_9.smooth","points_10.smooth","points_11.smooth","points_12.smooth","opp_points_1.smooth","opp_points_2.smooth","opp_points_3.smooth","opp_points_4.smooth","opp_points_5.smooth","opp_points_6.smooth","opp_points_7.smooth","opp_points_8.smooth","opp_points_9.smooth","opp_points_10.smooth","opp_points_11.smooth","opp_points_12.smooth","rank_1.smooth","rank_2.smooth","rank_3.smooth","rank_4.smooth","rank_5.smooth","rank_6.smooth","rank_7.smooth","rank_8.smooth","rank_9.smooth","rank_10.smooth","rank_11.smooth","rank_12.smooth","cluster","Is_Representative"
"AIR",1,1,0,0,1,0,1,1,1,1,1,0,63,37,21,11,31,23,42,58,20,35,37,35,7,16,35,33,17,38,14,7,3,28,30,47,50,50,50,50,50,50,50,50,50,50,50,50,0.9,0.7,0.1,0.2,0.8,0.3,1,1,1,0.9,0.7,0,53.6,31.2,20,16.2,30.5,30.3,43,48.1,24.7,35.4,32.9,24.5,11.6,21.5,32.8,30.3,20.9,30.1,11.5,8.3,10.7,30.3,30.4,32.9,50,50,50,50,50,50,50,50,50,50,45,35,1,FALSE
"AKRON",0,0,1,1,0,1,0,0,1,1,1,1,3,7,52,35,12,47,10,6,17,37,42,20,41,24,9,14,14,21,59,14,13,28,21,0,50,50,50,50,50,50,50,50,50,50,50,50,0.1,0.3,0.9,0.8,0.2,0.7,0.1,0.3,1,1,0.9,0.7,8.7,18.8,44.6,31.6,18.8,35.5,9.9,11.3,23.5,36.3,33.4,14,34.4,20,10.5,14.7,19.9,27.9,45.4,15.2,16.8,23.8,14.7,0,50,50,50,50,50,50,50,50,50,50,45,35,2,FALSE
"AKST",0,0,1,0,1,1,1,1,1,1,1,1,6,20,70,7,49,49,37,48,40,59,52,55,55,27,7,37,35,31,27,34,27,21,28,17,50,50,50,50,50,50,50,50,50,50,50,50,0.1,0.2,0.8,0.3,1,1,1,1,1,1,0.9,0.7,15.2,28.7,55.3,19.6,47.8,46.5,39.5,47.5,45,57.2,47.4,38.5,44.6,24,15.8,36,33.4,30.5,28.4,31.3,25.9,22,23,11.9,50,50,50,50,50,50,50,50,50,50,45,35,1,FALSE
"ALA",1,1,0,1,1,1,1,1,1,1,1,1,35,37,37,34,38,27,41,19,30,31,56,29,17,10,43,0,10,14,23,14,16,6,6,13,3,2,2,12,13,8,10,8,7,3,3,2,0.9,0.8,0.3,1,1,1,1,1,1,1,0.9,0.7,35.6,36.7,36.5,34.1,36.1,29,35.5,22.4,32.8,35.8,45,20.3,18.2,15.6,31.1,3.4,12.1,15.8,20.5,13.6,13,6.7,6.8,9.1,2.7,3,5.1,11.8,11.7,8.4,9.3,7.3,5.8,2.9,2.5,1.4,3,FALSE
"APP",1,0,1,1,1,1,1,1,0,1,1,1,49,10,49,31,37,59,31,44,27,47,28,34,0,41,0,13,3,14,13,41,40,20,7,27,50,50,50,50,50,50,50,50,50,50,50,50,0.8,0.3,1,1,1,1,0.9,0.8,0.3,1,0.9,0.7,41.2,19.9,44.2,35,40.8,51.9,33.2,40.9,31.1,41.9,26.4,23.8,8.2,30,2.9,11.1,6.2,16.5,21.3,38.7,32.7,18.1,10.3,18.9,50,50,50,50,50,50,50,50,50,50,45,35,1,FALSE
"ARK",1,0,0,0,1,0,1,1,1,1,0,1,48,12,24,21,24,14,54,63,53,31,50,28,13,16,35,28,20,27,46,28,52,14,51,3,18,18,50,50,50,50,50,50,50,50,50,50,0.7,0,0.1,0.2,0.8,0.3,1,1,0.9,0.8,0.2,0.7,38.4,15.3,23.4,20.9,25,26.9,55.7,57.8,48.3,34.5,40.6,19.6,15.8,21,32.1,26.3,24,30.9,43,31.4,44.3,20.3,36.3,2.1,21.2,27.6,50,50,50,50,50,50,50,50,45,35,1,FALSE
"ARMY",0,0,0,1,0,0,1,0,0,0,0,0,35,17,14,58,14,3,21,31,3,31,21,17,37,22,17,36,20,44,14,38,20,34,31,21,50,50,50,50,50,50,50,50,50,50,50,50,0,0.1,0.2,0.7,0.1,0.2,0.7,0,0,0,0,0,29.3,20.5,22.8,43.7,12.5,9.4,21.2,25.4,10.4,27.6,18.1,11.9,32,22.4,21.1,33.6,24.2,37.4,19.4,34,23.9,32.1,25.9,14.7,50,50,50,50,50,50,50,50,50,50,45,35,2,FALSE
"ARZ",1,1,1,0,0,1,1,0,0,0,1,0,42,44,77,30,17,44,38,42,3,30,37,37,32,20,13,56,55,7,31,45,49,38,30,52,22,22,20,16,50,50,50,50,50,50,50,50,1,0.9,0.7,0.1,0.3,0.9,0.7,0,0.1,0.2,0.7,0,45.9,49.2,61.6,28.8,24.5,42.6,35.3,33,11.8,32.1,33.3,25.9,27.7,22.2,25.8,50.9,43,15.6,35.6,45.1,44.9,37.8,31.4,36.4,21.8,21,22.2,26.2,50,50,50,50,50,50,45,35,4,FALSE
"AUB",1,1,0,0,1,1,0,0,1,0,1,0,31,27,21,9,35,30,46,19,26,13,56,13,24,20,45,17,21,27,54,27,10,20,34,29,6,6,18,50,50,50,50,50,50,50,50,50,0.9,0.7,0.1,0.3,0.9,0.7,0.1,0.2,0.8,0.2,0.7,0,29.2,24,20,16.3,35.1,32.1,38.6,19.8,26.4,21.6,41.8,9.1,25.3,24.7,37,18.8,25.5,32.4,44.2,22.9,14.4,23.7,29.6,20.3,7.2,12.8,27.6,50,50,50,50,50,50,50,45,35,2,FALSE
"AZST",0,1,1,0,1,1,0,0,0,1,1,0,17,35,34,14,38,48,18,55,24,27,52,46,38,21,10,42,23,23,34,61,38,17,37,48,15,50,50,50,50,50,50,50,50,50,50,50,0.3,0.9,0.8,0.3,0.9,0.7,0,0.1,0.3,0.9,0.7,0,22.3,32.7,30.4,22.2,38,42.7,26,46,27.4,33.9,45.6,32.2,31.8,20.9,17.7,36.3,24.1,29,39.8,52,33.7,24.1,35.5,33.6,25.5,50,50,50,50,50,50,50,50,50,45,35,5,FALSE
"BALL",1,0,1,0,0,0,0,0,1,0,0,0,48,23,28,19,10,41,19,21,20,7,31,10,36,56,17,24,24,59,31,23,10,54,48,48,50,50,50,50,50,50,50,50,50,50,50,50,0.8,0.2,0.7,0,0,0,0.1,0.2,0.7,0,0,0,41,23.6,24.4,19.4,17.1,34.6,19.5,19.4,18.5,12.1,23.7,7,38.1,45,19.1,27.5,31.7,49.8,27.3,23.5,22.6,52.2,43.2,33.6,50,50,50,50,50,50,50,50,50,50,45,35,4,FALSE
"BAY",1,1,1,1,1,1,1,1,0,1,0,0,56,66,70,63,66,62,45,31,34,45,21,17,21,31,17,35,7,38,27,24,44,35,28,23,4,4,5,5,3,2,2,2,4,10,7,12,1,1,1,1,1,1,0.9,0.8,0.2,0.7,0,0,59.4,66.5,68.2,63.5,63.1,55.5,41.1,33,34.9,37.4,18.1,11.9,22.6,28.6,19.6,29.7,15.2,34.4,28.1,29.1,40.6,32.4,24.2,16.1,4.1,4.3,4.8,4.3,2.7,2,2.2,3.2,5.5,9.6,7.3,8.4,3,FALSE
"BCOL",1,1,0,1,0,0,0,0,0,0,0,0,24,76,0,17,7,0,17,14,10,8,16,17,3,0,14,14,9,3,34,17,26,24,19,20,50,50,50,50,50,50,50,50,50,50,50,50,0.9,0.8,0.2,0.7,0,0,0,0,0,0,0,0,32,54.9,4.1,13.3,6.6,4.8,15.7,12.6,10.2,10.5,14.6,11.9,3.5,4.2,13.5,11.9,10.3,10.6,29.8,19.5,24.9,22.6,17.3,14,50,50,50,50,50,50,50,50,50,50,45,35,4,FALSE
"BOIS",1,0,1,1,1,1,0,1,1,0,0,1,16,24,52,56,55,41,26,34,55,24,30,40,13,35,0,14,0,10,52,14,27,31,37,23,23,20,50,50,50,25,21,50,50,50,50,50,0.8,0.3,1,1,0.9,0.8,0.3,0.9,0.7,0.1,0.2,0.7,21.2,32.8,53.1,54.3,49.3,37.3,30.5,37.2,46.3,26.8,29,28,16.1,25.9,2.8,10.8,7.2,18.8,41.9,18.3,28.8,31.4,30.5,16.1,25.1,29,50,47.5,42.1,26.7,29.7,50,50,50,45,35,2,FALSE
"BOWL",0,1,0,1,1,1,1,1,1,1,0,1,30,48,41,35,28,62,59,48,62,41,28,48,59,27,44,28,22,38,10,0,24,27,44,10,50,50,50,50,50,50,50,50,50,50,50,50,0.2,0.8,0.3,1,1,1,1,1,0.9,0.8,0.2,0.7,34.7,45.3,38.5,36.3,37.9,60,57.1,50.1,54.4,39.1,29.2,33.6,51.1,30.5,38.6,27.8,24,28.6,9.4,7.5,26.6,28.7,32.8,7,50,50,50,50,50,50,50,50,50,50,45,35,1,FALSE
"BUF",1,0,1,0,0,0,1,1,1,0,0,0,51,14,33,21,22,14,41,29,18,30,21,26,14,27,15,24,28,51,17,24,17,41,42,31,50,50,50,50,50,50,50,50,50,50,50,50,0.8,0.2,0.7,0,0.1,0.3,1,0.9,0.7,0,0,0,41.8,18.5,29.5,20.5,22.3,20.9,36.3,26.9,20.7,27.8,19.9,18.2,16.7,24.3,18.1,27.5,31.5,41.5,18.4,24.3,24.3,40.2,35.6,21.7,50,50,50,50,50,50,50,50,50,50,45,35,4,FALSE
"BYU",1,1,0,0,1,1,1,1,1,0,1,1,33,35,23,0,30,45,38,70,17,16,52,51,28,24,24,31,13,38,24,6,16,20,10,28,50,50,19,22,50,50,50,50,50,50,50,50,0.9,0.7,0.1,0.3,1,1,1,0.9,0.8,0.3,0.9,0.7,32.4,29.1,19.1,10.5,33.8,46.1,42.3,54,20.3,26.7,46.6,35.7,26.8,24.7,24.3,28.1,19.1,32,19.6,9.4,16.2,18.8,12.6,19.6,46.9,41,22.7,30.4,50,50,50,50,50,50,45,35,1,FALSE
"CAL",1,1,1,1,1,0,0,0,0,1,0,1,73,35,45,30,34,24,24,21,28,54,22,48,14,7,44,24,28,30,40,27,44,24,35,46,50,50,50,50,24,23,20,50,50,50,50,50,1,1,1,0.9,0.7,0,0,0.1,0.2,0.8,0.2,0.7,62.6,36.5,40.9,30.2,31,23.7,23.8,25.7,32.6,47,25,33.6,15.6,16.1,38.4,25.4,29.6,31.7,37.8,30.1,39.1,28.4,33.7,32.2,50,50,47.4,42.1,23.4,25.1,29,50,50,50,45,35,4,FALSE
"CFL",0,0,0,0,0,0,0,0,0,0,0,0,14,7,15,14,31,13,16,10,7,30,7,3,15,31,16,31,45,40,30,59,52,45,44,44,50,50,50,50,50,50,50,50,50,50,50,50,0,0,0,0,0,0,0,0,0,0,0,0,12.7,9.3,16.4,17.3,25.9,13.3,13.9,11.4,11.6,22.7,5.5,2.1,18.3,28,21.9,34.7,42.5,39.9,38,56.2,49.8,44.7,39.6,30.8,50,50,50,50,50,50,50,50,50,50,45,35,5,FALSE
"CHAR",1,1,0,0,0,0,0,0,0,0,0,0,23,34,14,7,3,34,10,10,31,27,10,7,20,10,73,17,37,37,44,34,48,30,58,27,50,50,50,50,50,50,50,50,50,50,50,50,0.9,0.7,0,0,0,0,0,0,0,0,0,0,24.3,27.3,11.5,8.9,9.9,26.8,12.1,15.9,28.1,21.6,8.4,4.9,23.3,23.3,58.2,23,37.7,38.1,42.4,36.4,45.4,35.3,46,18.9,50,50,50,50,50,50,50,50,50,50,45,35,5,FALSE
"CIN",1,0,1,0,1,0,1,1,0,1,0,1,52,26,37,46,34,24,37,52,30,49,27,19,10,34,33,53,23,38,13,7,33,38,65,16,50,50,50,50,50,50,50,50,50,50,50,50,0.8,0.2,0.8,0.2,0.8,0.3,0.9,0.8,0.2,0.8,0.2,0.7,45.3,30.2,38.5,41.4,32.3,29.4,39.3,47.3,33.5,41.6,22.7,13.3,17.1,35.7,36,45.5,25,29.9,13.8,15.3,37.2,41.2,48.7,11.2,50,50,50,50,50,50,50,50,50,50,45,35,4,FALSE
"CLEM",1,1,1,1,1,1,1,1,1,1,1,1,49,41,20,24,43,34,58,56,23,37,33,37,10,10,17,22,24,17,0,41,13,27,13,32,12,12,11,12,6,5,6,3,3,1,1,1,1,1,1,1,1,1,1,1,1,1,0.9,0.7,44.5,35.1,23.1,28.8,42.7,41,54.1,47.5,26.8,36.2,30.5,25.9,10.7,12.6,18.7,21.9,20.2,16,9.5,34,15.8,24.7,15.5,22.4,11.9,11.8,10.7,10.1,5.8,5,5.1,2.8,2.4,1,0.9,0.7,3,FALSE
"CMCH",0,1,0,0,1,0,1,1,1,0,1,1,13,31,27,10,29,39,51,23,14,23,27,35,24,10,30,30,19,41,14,21,6,28,14,28,50,50,50,50,50,50,50,50,50,50,50,50,0.2,0.7,0.1,0.2,0.8,0.3,1,0.9,0.8,0.3,0.9,0.7,18,28.1,23.8,16.7,33.2,39.8,41.7,21.2,17.1,25,25.9,24.5,21.8,16,28.9,28.9,22.9,33.6,14.6,18.7,11.2,25.2,15.4,19.6,50,50,50,50,50,50,50,50,50,50,45,35,1,FALSE
"COLO",0,1,1,1,0,0,0,1,0,0,0,0,20,48,27,48,24,23,31,17,31,10,24,3,28,14,24,0,41,48,38,13,35,42,27,27,50,50,50,50,50,50,50,50,50,50,50,50,0.3,1,0.9,0.7,0,0.1,0.2,0.7,0,0,0,0,26.3,43.8,30.9,40.7,24.5,24,28.2,19.1,26.1,12.1,17.4,2.1,24.8,14.6,20.9,13,42.1,42.5,32.7,20.3,35.6,37.5,24.3,18.9,50,50,50,50,50,50,50,50,50,50,45,35,4,FALSE
"CON",1,1,0,0,0,1,0,0,1,1,1,0,20,22,6,18,13,40,20,13,31,7,20,3,15,17,9,28,30,13,28,37,13,3,17,27,50,50,50,50,50,50,50,50,50,50,50,50,0.9,0.7,0,0.1,0.2,0.7,0.1,0.3,1,0.9,0.7,0,19,18.4,9.1,19.2,19.1,33.3,19.7,16,25.1,9.2,14.6,2.1,14.8,16.5,14.9,26.9,26.4,18.4,28.3,28.8,11.4,8.2,17.3,18.9,50,50,50,50,50,50,50,50,50,50,45,35,2,FALSE
"COST",1,0,0,1,0,0,1,0,1,1,1,1,65,20,24,33,18,10,38,17,26,49,28,34,13,23,27,31,33,41,23,41,7,35,21,31,50,50,50,50,50,50,50,50,50,50,50,50,0.7,0.1,0.2,0.7,0.1,0.2,0.8,0.3,1,1,0.9,0.7,51.9,22.1,25.2,27.7,18.4,16.3,32.6,22,30.8,43.3,26.4,23.8,16.4,24.6,28.4,32.4,33.6,37.4,25,33.6,14,31.8,20.9,21.7,50,50,50,50,50,50,50,50,50,50,45,35,2,FALSE
"DUKE",1,1,0,1,1,1,1,0,0,0,0,1,37,55,10,34,9,44,45,27,31,13,34,27,7,0,19,20,7,3,43,30,66,31,42,21,50,50,50,50,50,50,23,22,50,50,50,50,0.9,0.8,0.3,1,1,0.9,0.7,0,0,0.1,0.2,0.7,37.9,43.9,14.7,30,19.6,42.5,40,26.4,27.7,18.6,29.2,18.9,6.8,5.8,18,15.7,9.8,13.7,42.7,37.3,56.6,32.2,33.6,14.7,50,50,50,50,47.3,41.8,25.5,30.4,50,50,45,35,4,FALSE
"ECAR",1,0,0,1,1,0,1,0,0,0,1,0,28,24,21,35,49,38,30,14,13,17,44,16,20,31,45,28,23,45,17,24,31,22,7,19,50,50,50,50,50,50,50,50,50,50,50,50,0.7,0.1,0.3,0.9,0.8,0.2,0.7,0,0.1,0.2,0.7,0,26.5,24.5,26.6,38.1,44.9,34,25.1,14.1,16.9,22.3,34,11.2,24.7,33.5,39.4,28.7,26.8,37.3,19.8,25.2,26.8,18.7,8.7,13.3,50,50,50,50,50,50,50,50,50,50,45,35,2,FALSE
"EMCH",0,1,0,0,0,0,0,0,0,0,0,0,34,48,17,36,22,21,20,21,28,13,17,28,38,29,28,58,44,47,63,49,58,28,28,35,50,50,50,50,50,50,50,50,50,50,50,50,0.2,0.7,0,0,0,0,0,0,0,0,0,0,35.1,40.6,21.3,31.7,21.6,20.8,21,21.6,23.9,15.3,17.5,19.6,35.2,31.7,35.6,54.1,46.5,50.4,59.7,48.7,49,28.7,26.6,24.5,50,50,50,50,50,50,50,50,50,50,45,35,5,TRUE
"FATL",0,0,0,1,0,0,0,1,0,0,0,1,44,20,15,17,26,17,17,31,19,17,14,33,47,44,33,7,27,33,27,17,35,24,20,31,50,50,50,50,50,50,50,50,50,50,50,50,0,0.1,0.2,0.7,0,0.1,0.2,0.7,0,0.1,0.2,0.7,36.3,18.7,16.5,18.8,23.3,18.4,20,27.2,18.1,18,16.4,23.1,45,38.1,27.2,13.6,28.2,30.2,25.8,21.3,31.3,23.9,20.2,21.7,50,50,50,50,50,50,50,50,50,50,45,35,2,FALSE
"FINT",1,0,1,0,0,1,0,1,0,1,0,0,15,22,39,17,14,52,34,41,17,48,0,7,14,36,14,27,24,12,42,12,31,31,52,63,50,50,50,50,50,50,50,50,50,50,50,50,0.8,0.2,0.7,0.1,0.2,0.8,0.2,0.8,0.2,0.7,0,0,18.8,24.9,32.1,19.9,23.6,47.3,33.7,36.9,21.5,34.3,1.4,4.9,18.4,30.7,17.6,24.9,23.4,18,34.9,17.7,33.1,38.4,49,44.1,50,50,50,50,50,50,50,50,50,50,45,35,2,FALSE
"FLA",1,1,1,1,1,1,0,1,1,1,1,0,61,31,14,28,38,21,28,27,9,24,20,2,13,24,9,27,10,3,35,3,7,14,14,27,50,50,50,50,25,11,8,11,11,11,8,10,1,1,1,1,0.9,0.8,0.3,1,1,0.9,0.7,0,50.3,27.3,19.2,29.3,33.6,23,25.9,23.1,13.1,21,14.4,1.4,14.8,21.3,12.7,21.2,11.1,9.4,25.8,4.9,9.1,15.3,15.2,18.9,50,50,47.5,41.1,20.5,10.4,8.9,11,10.7,10.3,7.6,7,3,FALSE
"FLST",1,1,1,1,1,1,0,1,0,1,1,1,59,34,14,24,29,41,16,45,13,34,52,27,16,14,0,16,24,21,22,21,23,17,13,2,10,11,9,11,12,11,9,17,17,19,19,14,1,1,1,1,0.9,0.8,0.2,0.8,0.3,1,0.9,0.7,49.5,29,17.5,26.7,30.1,36.4,21.5,37.5,21.1,36.9,41.8,18.9,14,11.4,5.6,18.1,23.2,21.2,21.9,21,20.8,14.7,9.5,1.4,10.1,10.6,9.7,11.2,11.5,11.2,11.4,17.2,17.6,18.5,16.1,9.8,3,FALSE
"FRES",1,0,0,0,0,0,1,0,0,1,0,0,34,21,24,23,7,14,31,14,16,42,10,31,13,73,45,49,21,56,28,42,30,14,52,34,50,50,50,50,50,50,50,50,50,50,50,50,0.7,0,0,0,0.1,0.2,0.7,0.1,0.2,0.7,0,0,30.4,21.8,22.1,18.9,10.8,17.4,26.1,17.2,20.6,34.5,13.2,21.7,28.2,65,43.4,44.1,28.7,49,31,36.8,29,23.6,43.2,23.8,50,50,50,50,50,50,50,50,50,50,45,35,5,FALSE
"GAST",0,1,0,0,0,1,0,0,1,1,1,1,20,34,28,33,3,31,34,21,41,24,31,34,23,32,61,41,37,19,48,23,19,10,21,7,50,50,50,50,50,50,50,50,50,50,50,50,0.2,0.7,0,0.1,0.2,0.7,0.1,0.3,1,1,0.9,0.7,23.6,32.7,26.5,26.8,11.7,30.6,32.1,25.3,36.6,26.4,28.5,23.8,28.6,38.7,54.6,38,34.5,25.2,40.1,20.9,17.4,11.9,16.1,4.9,50,50,50,50,50,50,50,50,50,50,45,35,1,FALSE
"GEO",1,1,1,1,0,0,1,0,1,1,1,1,51,31,52,48,10,31,9,3,27,20,23,13,14,14,20,6,38,38,6,27,3,13,17,7,9,10,7,7,8,19,50,50,50,50,50,50,1,1,0.9,0.7,0.1,0.2,0.8,0.3,1,1,0.9,0.7,47.1,36.9,47,38.7,14.1,23.8,9.6,9.5,25.2,19.9,18.7,9.1,14.6,14.4,19,15.6,34.8,30.5,9.9,20.8,6.4,13.2,13.3,4.9,9,9.1,7.1,8.4,14.4,28.3,50,50,50,50,45,35,4,FALSE
"GSOU",0,1,1,1,1,1,0,1,1,0,1,0,0,43,48,44,51,56,13,37,45,17,55,7,44,17,13,20,31,26,31,13,10,23,17,34,50,50,50,50,50,50,50,50,50,50,50,50,0.3,1,1,1,0.9,0.8,0.3,0.9,0.8,0.2,0.7,0,13.4,44.1,47.5,46.6,48.2,45.5,21,36.6,40.4,23.6,39.9,4.9,35.5,16.5,16.2,22.8,30,25.7,25.3,13.4,13.3,22.9,18.7,23.8,50,50,50,50,50,50,50,50,50,50,45,35,2,FALSE
"GTCH",1,1,0,0,0,0,0,1,0,0,0,0,69,65,22,20,31,24,28,22,21,21,21,7,6,10,30,34,38,43,31,16,27,23,38,13,16,15,14,20,50,50,50,50,50,50,50,50,0.9,0.7,0,0,0,0.1,0.2,0.7,0,0,0,0,63.5,51.9,22.5,22.6,29.3,24.6,26.1,21.7,21,19.6,16.1,4.9,9.2,16.4,31.6,35.7,38.3,37.9,27.6,18.9,27.3,25,29.2,9.1,15.6,15.3,18.8,29,50,50,50,50,50,50,45,35,4,FALSE
"HAW",1,0,1,0,0,0,0,0,0,0,0,0,28,0,47,0,0,14,27,20,7,21,14,23,20,38,27,28,55,28,28,30,58,41,42,42,50,50,50,50,50,50,50,50,50,50,50,50,0.8,0.2,0.7,0,0,0,0,0,0,0,0,0,24.3,9.4,32.9,1.4,5.5,17.2,23.6,17.5,10.5,19.8,14.4,16.1,24.3,34.8,30,33.4,46.9,28.2,31.4,36.7,53,41.3,37.8,29.4,50,50,50,50,50,50,50,50,50,50,45,35,4,FALSE
"HOU",1,1,1,1,1,1,1,1,1,1,0,1,52,34,59,38,49,42,59,34,33,35,17,52,24,31,14,24,28,7,10,0,30,34,20,31,50,50,50,50,50,24,21,18,18,16,13,21,1,1,1,1,1,1,1,1,0.9,0.8,0.2,0.7,49.1,39.4,53.8,40.6,48.6,44.6,51.4,33.9,31.8,33.1,22.3,36.4,24.4,26.9,17.4,23.1,22,6.9,10,9.4,29.8,30.9,20.2,21.7,50,50,50,47.4,41.9,22.8,20.1,17.8,17.1,15.9,13.3,14.7,3,FALSE
"IDA",0,0,1,0,0,1,1,0,0,0,0,1,28,9,41,20,35,19,27,48,45,20,34,38,45,59,38,44,49,16,13,55,52,47,56,31,50,50,50,50,50,50,50,50,50,50,50,50,0.1,0.2,0.7,0.1,0.3,0.9,0.7,0,0,0.1,0.2,0.7,25.5,16.5,36.2,22.9,31,23.5,33,44.6,38.9,24.6,31.4,26.6,47.1,53.3,40.3,42.2,38.8,19.3,25.3,53.6,51.4,47.2,45.4,21.7,50,50,50,50,50,50,50,50,50,50,45,35,4,FALSE
"ILL",1,1,0,1,1,0,0,0,1,0,0,0,52,44,14,27,14,20,13,0,48,3,23,14,3,0,48,25,13,29,24,39,14,28,32,24,50,50,50,50,50,50,50,50,50,50,50,50,0.9,0.8,0.3,0.9,0.7,0,0.1,0.2,0.7,0,0,0,46.6,36.3,16.6,23.7,15.1,16.6,13.9,9.9,36.5,8.1,18.9,9.8,6.9,12.1,39.9,23,17.3,29,26,32.9,18.6,28.4,27.2,16.8,50,50,50,50,50,50,50,50,50,50,45,35,4,FALSE
"IND",1,1,1,1,0,0,0,0,0,0,1,1,48,36,38,31,27,7,52,26,27,41,47,54,47,22,35,24,34,29,55,52,35,48,28,36,50,50,50,50,50,50,50,50,50,50,50,50,1,1,0.9,0.7,0,0,0,0,0.1,0.3,0.9,0.7,44.6,35.9,35.5,27.8,25.5,17.9,44.3,27.7,31.8,43.5,43.7,37.8,40.8,24.8,32.7,26.5,35.1,36.5,52.4,48.2,36.9,42.8,26.8,25.2,50,50,50,50,50,50,50,50,50,50,45,35,4,FALSE
"IOWA",1,1,1,1,1,1,1,1,1,1,1,1,31,31,27,62,10,29,40,31,35,40,40,28,14,17,24,16,6,20,10,15,27,35,20,20,50,50,50,50,50,22,17,10,10,8,6,3,1,1,1,1,1,1,1,1,1,1,0.9,0.7,30.6,33.3,32.3,48.3,16.8,31.4,37.7,32.7,36.5,38.8,33.6,19.6,15.6,18.3,20.6,14.4,9.2,17.5,12.7,19.4,27.9,30.5,18,14,50,50,50,47.2,41.1,19.8,14.9,9.8,9.2,7.1,4.8,2.1,3,TRUE
"IWST",1,0,0,1,0,0,0,1,0,0,0,0,31,17,23,38,31,21,27,24,16,31,35,6,7,31,30,13,66,45,45,0,52,35,38,30,50,50,50,50,50,50,50,50,50,50,50,50,0.7,0.1,0.2,0.7,0,0.1,0.2,0.7,0,0,0,0,27.4,20.3,26.8,34.9,28.6,22.5,25.3,23.1,20.9,29.3,25.7,4.2,14.1,29,30.2,26.8,59.7,40.5,36.7,13.9,47.2,35.1,32.6,21,50,50,50,50,50,50,50,50,50,50,45,35,2,FALSE
"KAN",0,0,0,0,0,0,0,0,0,0,0,0,38,23,14,13,7,20,10,7,20,17,0,14,41,55,27,38,66,30,58,62,59,23,49,45,50,50,50,50,50,50,50,50,50,50,50,50,0,0,0,0,0,0,0,0,0,0,0,0,32.6,20.2,13.1,12.5,9.9,16.7,10.4,10.6,17.4,13.3,2.8,9.8,42.4,47.7,33.1,42.8,58,38.8,58.9,57.5,50.8,30.4,43.3,31.5,50,50,50,50,50,50,50,50,50,50,45,35,5,FALSE
"KAST",1,1,1,0,0,0,0,0,0,1,1,1,34,30,39,34,45,0,9,24,44,38,45,24,0,3,33,36,52,55,23,31,59,35,14,23,50,50,50,50,50,50,50,50,50,50,50,50,1,0.9,0.7,0,0,0,0,0.1,0.3,1,0.9,0.7,33.7,32.2,38.6,32.8,32.4,4.2,15.5,29.4,42.9,38,36.3,16.8,3.9,12.3,35.5,41.1,49.7,46.2,28.2,37,49.7,29.6,14.4,16.1,50,50,50,50,50,50,50,50,50,50,45,35,4,FALSE
"KEST",0,1,0,0,1,0,1,0,0,0,0,0,3,45,7,29,20,7,15,0,17,0,14,0,52,13,10,36,14,38,10,48,18,27,27,20,50,50,50,50,50,50,50,50,50,50,50,50,0.2,0.7,0.1,0.2,0.8,0.2,0.7,0,0,0,0,0,11.8,35.8,12.7,25,16.9,7.9,12.2,3.4,13.3,2.8,9.8,0,40,14.7,15.6,31.8,18.4,33.4,18.4,39.9,20.7,26.3,22.9,14,50,50,50,50,50,50,50,50,50,50,45,35,5,FALSE
"KTKY",1,1,0,1,1,0,0,0,0,0,1,0,40,26,9,21,34,27,16,21,3,17,58,24,33,22,14,13,27,30,42,52,27,21,10,38,50,50,50,50,50,50,50,50,50,50,50,50,0.9,0.8,0.3,0.9,0.7,0,0,0,0.1,0.2,0.7,0,34.1,22.1,13.9,24.2,30.8,24.2,15.7,17,11.3,25.9,45.4,16.8,28.9,19.5,15.1,17.5,29.1,34.6,42.5,43.9,24.1,20.5,14.6,26.6,50,50,50,50,50,50,50,50,50,50,45,35,2,FALSE
"LLAF",0,1,0,0,1,0,1,1,0,0,0,0,33,44,14,14,49,27,30,23,25,34,7,17,40,17,35,43,27,37,24,21,32,37,28,41,50,50,50,50,50,50,50,50,50,50,50,50,0.2,0.7,0.1,0.2,0.8,0.3,0.9,0.7,0,0,0,0,33.3,35,17.5,22.3,42.7,27.2,28.1,24.5,25,26.9,8.3,11.9,34.9,23.2,35.8,39.2,28.7,32.8,24.2,24.8,32.6,35.6,27.8,28.7,50,50,50,50,50,50,50,50,50,50,45,35,5,FALSE
"LMON",0,1,0,0,0,0,0,0,0,0,0,0,14,47,0,31,24,14,13,24,14,21,3,26,51,0,34,51,34,59,27,30,51,59,16,28,50,50,50,50,50,50,50,50,50,50,50,50,0.2,0.7,0,0,0,0,0,0,0,0,0,0,19.2,36,8.6,27.9,20.9,14.8,15.3,21.7,14.3,17.9,7.3,18.2,39.1,11.9,37.4,48.4,38.3,49.7,30,37.1,49.1,47.3,16.8,19.6,50,50,50,50,50,50,50,50,50,50,45,35,5,FALSE
"LOU",0,0,0,1,1,0,1,1,1,1,0,1,24,31,17,45,20,21,17,20,41,38,34,38,31,34,20,3,13,41,14,19,17,31,45,24,50,50,50,50,50,50,50,50,50,50,50,50,0,0.1,0.3,0.9,0.8,0.3,1,1,0.9,0.8,0.2,0.7,24.7,29.6,22.9,37.6,19.9,20.1,20,26,39.7,37.2,31.4,26.6,30.5,28.1,15.9,8.8,18.7,33.4,15.3,19.8,22.6,33.1,36.3,16.8,50,50,50,50,50,50,50,50,50,50,45,35,1,FALSE
"LSU",1,1,1,1,1,1,1,0,0,0,1,1,21,45,34,44,45,35,48,16,14,17,19,56,19,21,24,22,24,28,20,30,31,38,7,27,14,13,8,9,7,6,5,4,9,17,50,22,1,1,1,1,1,0.9,0.7,0,0.1,0.3,0.9,0.7,27.1,42.7,37.1,43.3,43.3,35.7,38.2,15.7,15.1,21.3,24.5,39.2,19.9,21.7,23.6,23,24.4,26.6,23.1,31,30,30.7,10.3,18.9,13.2,11.6,8.1,8.3,6.6,5.6,5.2,6.3,14.7,24.1,39.4,15.4,3,FALSE
"LTCH",1,0,0,1,1,1,0,1,1,1,1,0,62,38,33,27,43,34,20,45,42,56,17,24,15,41,39,17,14,31,45,16,17,13,15,58,50,50,50,50,50,50,50,50,50,50,50,50,0.7,0.1,0.3,1,0.9,0.8,0.3,1,1,0.9,0.7,0,54.3,35.9,32.8,30.9,38.9,32.3,27.2,45.5,42.3,45,16.7,16.8,22.6,38.2,32.1,17.8,20.5,32.3,36.4,15.9,16,17.9,22.1,40.6,50,50,50,50,50,50,50,50,50,50,45,35,2,FALSE
"MARY",1,0,1,0,0,0,0,0,0,0,0,1,50,27,35,6,0,28,30,15,24,7,28,46,21,48,17,45,28,49,31,31,31,24,47,41,50,50,50,50,50,50,50,50,50,50,50,50,0.8,0.2,0.7,0,0,0,0,0,0,0.1,0.2,0.7,43.9,26.5,25.7,7,8.6,27.1,26.4,16,21,15.1,28.8,32.2,26,41.5,23.7,42,32.5,43.6,31,30.3,31.2,30.3,41.1,28.7,50,50,50,50,50,50,50,50,50,50,45,35,4,FALSE
"MAS",0,0,0,1,0,0,0,0,0,1,0,1,14,23,27,24,38,10,35,10,13,28,13,31,48,25,62,14,62,15,51,20,17,17,20,26,50,50,50,50,50,50,50,50,50,50,50,50,0,0.1,0.2,0.7,0,0,0,0.1,0.2,0.8,0.2,0.7,17.1,23.9,27.5,25.4,32.1,15,27.8,12.4,16,25.3,15.3,21.7,44.8,31.3,52.4,23.7,51.5,22.7,41.4,19.1,17.3,18.5,19.2,18.2,50,50,50,50,50,50,50,50,50,50,45,35,5,FALSE
"MCST",1,1,1,1,1,1,1,1,0,1,1,1,37,31,35,30,24,31,27,52,38,24,17,55,24,28,21,10,21,24,23,26,39,7,14,16,5,5,4,2,2,4,7,7,6,14,9,6,1,1,1,1,1,1,0.9,0.8,0.3,1,0.9,0.7,35.6,31.7,32.9,28.9,25.7,32.3,33.1,46.4,33.1,25.7,22.9,38.5,24.5,24.8,18.8,13.6,21.8,24,25.2,26.7,30.1,9.3,13,11.2,4.9,4.5,3.4,2.2,2.9,4.9,6.9,7.5,7.9,12.2,7.5,4.2,3,FALSE
"MEM",1,1,1,1,1,1,1,1,0,0,0,1,63,55,44,53,24,37,66,41,20,34,12,63,7,23,41,46,17,24,42,13,45,35,31,0,50,50,50,50,50,50,18,16,15,25,50,50,1,1,1,1,1,1,0.9,0.7,0,0.1,0.2,0.7,59.5,52.6,43.8,45.6,30.8,43.2,56.4,36.1,22,32.5,21,44.1,13.6,28.9,39.6,38,20.9,26.5,36.5,21.6,41.6,30.7,21.7,0,50,50,50,50,46.8,40.2,17.3,16.7,20.5,32.5,45,35,3,FALSE
"MIAF",1,1,1,0,0,1,0,1,1,0,1,1,45,44,36,23,24,30,0,30,27,21,38,29,0,20,33,34,29,20,58,27,21,59,21,24,50,50,50,50,50,50,50,50,50,50,50,50,1,0.9,0.7,0.1,0.2,0.8,0.3,0.9,0.8,0.3,0.9,0.7,43.9,40.3,32.2,23.9,22.8,24,8.7,28.5,26.9,25.2,32.4,20.3,7.3,24,32.8,31.6,30.1,28.3,48.1,29,28.6,47.9,19.5,16.8,50,50,50,50,50,50,50,50,50,50,45,35,4,FALSE
"MIAO",1,0,0,0,0,0,0,0,0,1,0,1,26,0,33,14,14,3,12,13,24,28,28,20,7,58,37,56,20,34,45,35,29,13,37,13,50,50,50,50,50,50,50,50,50,50,50,50,0.7,0,0,0,0,0,0,0.1,0.2,0.8,0.2,0.7,21.5,8,27.3,12.9,11.6,5.8,13.4,16.7,25.2,27.2,23.6,14,20.2,53.6,39.1,46.6,25.3,36.3,41.4,31.6,26.6,17.8,28.5,9.1,50,50,50,50,50,50,50,50,50,50,45,35,4,FALSE
"MICH",0,1,1,1,1,1,0,1,1,1,1,0,17,35,28,31,28,38,23,29,49,48,28,13,24,7,7,0,0,0,27,26,16,41,16,42,50,50,50,50,22,18,12,15,16,15,14,12,0.3,1,1,1,0.9,0.8,0.3,1,1,0.9,0.7,0,21.7,33.2,28.6,31.1,29.5,34.1,26.8,34.9,46.7,40.5,22.2,9.1,18.9,6.3,4.9,0,2.7,8,25.7,25.5,21,36.1,19.6,29.4,50,50,47.2,41.2,20.2,16.5,13,15.2,15.6,14.5,12.2,8.4,3,FALSE
"MIN",0,1,1,1,0,1,0,0,0,0,1,0,17,23,10,27,0,41,25,26,14,35,32,21,23,20,7,24,27,13,48,29,28,40,23,31,50,50,50,50,50,50,50,50,50,50,50,50,0.3,1,0.9,0.8,0.2,0.7,0,0,0.1,0.2,0.7,0,17.5,20.8,12.4,23,10.7,36.3,24.1,24.5,20,33,26.6,14.7,20.8,17.8,12.4,23.5,26.3,21.6,42.2,29.9,29.9,35.7,22.3,21.7,50,50,50,50,50,50,50,50,50,50,45,35,2,FALSE
"MIS",1,1,1,1,0,1,0,1,1,0,1,1,76,73,43,27,10,52,24,23,27,52,38,38,3,21,37,16,38,3,37,3,19,53,17,27,17,17,15,3,3,14,13,24,19,19,25,19,1,1,0.9,0.8,0.2,0.8,0.3,0.9,0.8,0.3,0.9,0.7,72.1,62.4,36.5,26.1,19.8,43.5,24.1,26.7,33.1,47.8,34.2,26.6,10,23.7,32.9,19.1,30.9,9.8,28.4,11.2,25.6,43.2,17.3,18.9,16.8,15.2,11.4,4.1,6.2,14.8,15.8,22.5,19.6,20.2,21.3,13.3,3,FALSE
"MIZ",1,1,1,0,1,0,0,0,0,1,0,0,34,27,9,13,24,3,6,3,13,20,8,3,3,20,6,21,10,21,9,10,31,16,19,28,24,21,22,25,50,50,50,50,50,50,50,50,1,0.9,0.8,0.2,0.7,0,0,0.1,0.2,0.7,0,0,30.1,22,11.3,14.2,18,3.6,6.1,6.7,13.9,15.9,6.2,2.1,6.7,17.3,9.4,18.8,12.1,17.5,11.4,14.8,26.8,17.8,18.9,19.6,23.2,21.6,25.4,32.5,50,50,50,50,50,50,45,35,4,FALSE
"MRSH",1,0,1,1,1,1,1,1,1,0,1,0,41,10,45,36,27,31,33,30,34,24,52,28,31,21,7,29,7,10,17,13,10,27,0,49,50,50,50,50,50,50,50,50,50,50,50,50,0.8,0.3,1,1,1,1,1,0.9,0.8,0.2,0.7,0,35.2,19.6,41.4,33.7,28.4,31.3,32.5,30.2,33.8,30,42,19.6,26.6,19,11.4,22.7,8.6,11.7,15.5,13.8,12.4,23.8,9.8,34.3,50,50,50,50,50,50,50,50,50,50,45,35,1,FALSE
"MSST",1,0,1,1,0,1,1,1,1,0,1,0,34,19,62,17,17,45,45,42,31,6,51,27,16,21,13,9,30,17,20,16,13,31,50,38,50,25,50,50,21,50,50,50,24,20,50,23,0.8,0.3,0.9,0.8,0.3,1,1,0.9,0.8,0.2,0.7,0,33.8,27.4,48.5,19.8,25.4,44.7,43,36.2,28,17.1,41.1,18.9,16.7,18.2,13.9,14,26.4,17.5,18.5,16.9,20.3,35.5,42.6,26.6,45,32.5,47.1,44.2,29.7,50,47.4,41.8,25.8,26.3,39.6,16.1,2,FALSE
"MTEN",1,0,1,0,0,0,1,0,1,1,1,1,70,10,73,25,13,28,42,16,27,24,41,42,14,37,14,27,17,58,34,45,24,17,7,7,50,50,50,50,50,50,50,50,50,50,50,50,0.8,0.2,0.7,0,0.1,0.2,0.8,0.3,1,1,0.9,0.7,58.3,24.1,57.4,22.9,18.9,29.6,35.3,19,27.8,29.2,37.1,29.4,18.6,31.4,16.9,28.1,26.9,51.9,35.2,38,20.9,14,6.3,4.9,50,50,50,50,50,50,50,50,50,50,45,35,1,FALSE
"NAVY",1,1,1,1,0,1,1,1,1,1,0,1,48,45,28,33,24,31,29,45,55,44,31,21,10,21,18,11,41,14,17,20,14,21,52,17,50,50,50,50,50,50,50,50,22,19,16,21,1,1,0.9,0.8,0.3,1,1,1,0.9,0.8,0.2,0.7,45.4,40.4,28.6,31,25.9,32,34.8,46.9,50.4,39.1,25.9,14.7,13,19.4,18.9,17.3,33.2,15.2,17.3,18.9,19.2,26.8,39.8,11.9,50,50,50,50,50,50,47.2,41.3,20.8,18.6,15.4,14.7,3,FALSE
"NCAR",0,1,1,1,1,1,1,1,1,1,1,1,13,53,48,41,38,50,26,26,66,59,30,45,17,14,14,14,31,14,13,19,31,21,27,34,50,50,50,50,50,50,50,50,21,17,12,11,0.3,1,1,1,1,1,1,1,1,1,0.9,0.7,24.5,50.8,45.6,41.3,39.2,42.8,30,37.3,61,51.8,30,31.5,16.1,14,15.7,17.4,25.8,14.3,16,21.6,28.6,23.5,25.7,23.8,50,50,50,50,50,50,47.1,40.9,19.3,15.4,10.6,7.7,3,FALSE
"NCST",1,1,1,1,0,0,1,0,1,0,1,0,49,35,38,63,13,13,35,41,24,17,42,34,21,0,14,13,20,28,17,56,8,34,29,45,50,50,50,50,50,50,50,50,50,50,50,50,1,1,0.9,0.7,0.1,0.2,0.8,0.2,0.8,0.2,0.7,0,45.1,38.4,40.5,48,15.2,20.2,35.1,35.2,24.4,23.7,36.2,23.8,16.1,4.1,14.4,15.9,21.3,28.6,23.9,44.2,15.3,34.1,29.3,31.5,50,50,50,50,50,50,50,50,50,50,45,35,2,FALSE
"NEB",0,1,0,1,0,0,1,0,0,1,1,0,28,48,33,36,13,21,48,28,45,39,31,20,33,9,36,28,14,23,25,30,55,38,14,28,50,50,50,50,50,50,50,50,50,50,50,50,0.2,0.8,0.2,0.7,0.1,0.2,0.7,0.1,0.3,0.9,0.7,0,32.5,43.8,31.6,29.9,18.1,27.1,43.7,32.5,42.4,35.5,25.7,14,28.5,16.3,32.2,24.7,16.9,24.1,29,35.8,47.5,32.2,15.4,19.6,50,50,50,50,50,50,50,50,50,50,45,35,5,FALSE
"NEV",1,0,0,1,0,1,0,1,1,1,0,0,31,20,27,24,17,35,21,30,30,37,27,14,17,44,44,21,23,17,28,20,16,34,31,31,50,50,50,50,50,50,50,50,50,50,50,50,0.7,0.1,0.2,0.8,0.2,0.8,0.3,1,0.9,0.7,0,0,28.4,21.8,25.4,23.7,21,31.7,23.7,30.7,31.1,32.7,21.7,9.8,25.1,41.7,37.3,21,22.3,19.5,25.2,20.6,21.1,33.1,27.9,21.7,50,50,50,50,50,50,50,50,50,50,45,35,2,FALSE
"NIL",1,1,0,0,0,1,1,1,1,1,1,0,38,57,13,14,19,59,45,49,32,41,27,21,30,26,20,17,29,41,12,21,27,30,19,26,50,50,50,50,50,50,50,50,50,50,50,50,0.9,0.7,0,0.1,0.3,1,1,1,1,0.9,0.7,0,39.3,43.9,13.8,19.5,29.6,55.2,44.5,44.8,33.3,36.2,23.1,14.7,28.2,23.9,20.3,21.8,29.7,33.2,15.3,23.1,26.8,27.4,18.5,18.2,50,50,50,50,50,50,50,50,50,50,45,35,1,FALSE
"NMST",0,0,0,0,0,0,0,1,1,1,0,0,13,32,47,29,3,26,7,55,31,37,28,35,61,34,50,38,52,56,52,48,21,34,52,42,50,50,50,50,50,50,50,50,50,50,50,50,0,0,0,0,0,0.1,0.3,1,0.9,0.7,0,0,20.2,34.7,39,23.5,8,25.1,19,48.4,31.9,35,26.6,24.5,54.5,37.6,47.8,42.6,52.8,54.4,48.1,41.2,26.7,38.4,44.8,29.4,50,50,50,50,50,50,50,50,50,50,45,35,5,FALSE
"NMX",1,0,0,1,1,0,1,0,1,1,0,1,66,21,10,38,38,17,28,21,14,31,21,47,0,40,34,28,29,35,27,31,13,24,28,35,50,50,50,50,50,50,50,50,50,50,50,50,0.7,0.1,0.3,0.9,0.8,0.2,0.8,0.3,0.9,0.8,0.2,0.7,51.4,20.5,18.4,35.9,32.8,19.6,25.2,20.6,18.1,30.6,24.1,32.9,11.4,37.6,32.3,28.9,30,33,26.4,26.7,16.7,25.9,26.6,24.5,50,50,50,50,50,50,50,50,50,50,45,35,1,FALSE
"NORW",1,1,1,1,1,0,0,1,1,1,1,1,16,41,19,24,27,0,10,30,23,21,13,24,6,0,10,19,0,38,40,28,21,14,7,14,50,50,23,17,16,13,20,50,50,24,20,17,1,1,1,0.9,0.7,0.1,0.3,1,1,1,0.9,0.7,21.3,34.9,20.8,22.2,19.9,5,15.3,27.7,21.6,19.7,13.9,16.8,5.2,3.9,10.8,17.1,11.6,37.4,35.7,25.2,18.2,12.6,7.7,9.8,47.3,41.3,21.1,16.4,15.8,18.1,29,47.4,41.8,22.5,17.4,11.9,3,FALSE
"NOTD",1,1,1,1,0,1,1,1,1,1,1,0,38,34,30,62,22,41,41,24,42,28,19,36,3,27,22,27,24,24,31,20,30,7,16,38,11,9,8,6,6,15,14,9,8,6,5,4,1,1,0.9,0.8,0.3,1,1,1,1,0.9,0.7,0,36.4,36,35.6,51.9,27.7,39.3,37.7,28,36.9,27,20.5,25.2,9.7,26,23.2,26.1,24.7,25,28.7,20.7,24,11.9,18.8,26.6,10.3,8.5,7.4,6.9,8.6,14.2,12.4,8.5,7.3,5.6,4.3,2.8,3,FALSE
"NTX",0,0,0,0,0,0,0,1,0,0,0,0,13,24,16,14,7,28,13,30,13,0,7,17,31,38,62,49,66,55,30,23,56,24,41,20,50,50,50,50,50,50,50,50,50,50,50,50,0,0,0,0,0,0.1,0.2,0.7,0,0,0,0,15.5,21.4,14.7,14,11.8,25.2,16.4,23.6,9.8,3.1,8.3,11.9,35.5,43.9,59.8,53,60.2,46.8,31.2,29.7,48.1,27,32.7,14,50,50,50,50,50,50,50,50,50,50,45,35,5,FALSE
"OHST",1,1,1,1,1,1,1,1,1,1,0,1,42,38,20,38,34,49,38,49,28,28,14,42,24,0,13,12,27,28,10,7,14,3,17,13,1,1,1,1,1,1,1,1,1,2,2,8,1,1,1,1,1,1,1,1,0.9,0.8,0.2,0.7,39,34.4,25,38.3,37.4,46.8,39.2,42.7,26.6,26.6,18.2,29.4,18.1,3.8,14.2,16.6,25.5,22.3,9.8,8,12.1,6.8,14.5,9.1,1,1,1,1,1,1,1,1.1,1.3,2.6,3,5.6,3,FALSE
"OHU",1,1,1,0,1,1,0,0,0,1,1,1,45,21,35,24,14,34,14,17,24,27,48,26,28,10,14,27,12,3,49,41,62,0,31,21,50,50,50,50,50,50,50,50,50,50,50,50,1,0.9,0.8,0.3,0.9,0.7,0,0.1,0.3,1,0.9,0.7,39.2,24.1,30.7,23,18,28.3,15.6,19.4,27,31.1,38.8,18.2,23,12.5,16.4,21.6,13.9,16,48.7,41.1,46.5,8.3,25.9,14.7,50,50,50,50,50,50,50,50,50,50,45,35,4,FALSE
"OKLA",1,1,1,1,0,1,1,1,1,1,1,1,41,31,52,44,17,55,63,62,52,44,30,58,3,24,38,24,24,0,27,7,16,34,29,23,19,19,16,15,10,19,17,14,14,12,7,9,1,1,0.9,0.8,0.3,1,1,1,1,1,0.9,0.7,40.1,36.5,46.9,39.7,29.2,57.3,61.7,58.2,48.2,42.6,32.6,40.6,10.7,26.8,33.8,21.6,19.5,6.1,21.9,11.5,20.9,31.9,24.9,16.1,18.7,18,15.2,14.4,12.5,18.1,16.1,13.8,12.9,10.7,6.7,6.3,3,FALSE
"OKST",1,1,1,1,1,1,1,1,1,1,0,0,24,32,69,30,36,33,58,70,49,35,35,23,13,8,14,27,34,26,10,53,29,31,45,58,50,50,25,24,20,21,14,12,12,5,4,4,1,1,1,1,1,1,1,1,0.9,0.7,0,0,30.1,39.2,57.9,31.5,37.6,41.7,59.5,62.3,44.8,33.8,29.1,16.1,12.1,11.1,18.6,28.3,30,25.5,20.5,46,31,36.5,43.1,40.6,47.5,42.4,24.3,22.9,19.6,18.7,13.4,11.3,9.8,4.7,3.6,2.8,3,FALSE
"OLDD",1,1,0,0,0,1,0,0,1,1,0,0,38,24,14,0,7,37,12,30,36,31,31,31,34,10,38,49,27,34,41,55,31,21,56,33,50,50,50,50,50,50,50,50,50,50,50,50,0.9,0.7,0,0.1,0.2,0.7,0.1,0.3,0.9,0.7,0,0,32.8,19.6,10.5,5.1,13.5,31.3,18,31.3,34.5,31,27.9,21.7,29.6,19.5,39.1,43.1,29.8,37.5,42.8,46.8,31.5,29.2,45.8,23.1,50,50,50,50,50,50,50,50,50,50,45,35,5,FALSE
"ORE",1,0,1,0,1,0,1,1,1,1,1,1,61,28,61,20,41,38,26,61,44,38,48,52,42,31,28,62,24,45,20,55,28,36,28,42,7,7,12,13,50,50,50,50,50,50,23,18,0.8,0.2,0.8,0.2,0.8,0.3,1,1,1,1,0.9,0.7,54.4,33.8,50.8,26,38.9,37.9,34.8,55.3,43.2,41.4,44,36.4,38.4,33.5,34.4,52.7,27.8,41,27.8,47.7,29.6,35,28,29.4,7.5,8.6,16,24.1,50,50,50,50,47.3,41.4,19.7,12.6,1,FALSE
"ORST",1,0,1,0,0,0,0,0,0,0,0,0,26,7,35,24,7,31,13,12,0,24,7,42,7,35,21,42,44,52,17,27,41,54,52,52,50,50,50,50,50,50,50,50,50,50,50,50,0.8,0.2,0.7,0,0,0,0,0,0,0,0,0,23.1,14.3,30,21.3,12.4,25.5,11.5,10.8,5.5,22.4,13.3,29.4,14,32.9,27.5,43.4,42.9,42.5,21.4,32.5,44.7,53.4,46.8,36.4,50,50,50,50,50,50,50,50,50,50,45,35,4,FALSE
"PIT",1,1,0,1,1,1,1,0,0,1,1,0,45,24,24,17,26,31,23,19,30,31,45,24,37,7,27,13,19,28,20,26,42,13,34,29,50,50,50,50,50,50,25,23,50,50,50,50,0.9,0.8,0.3,1,1,0.9,0.7,0.1,0.3,0.9,0.7,0,38.7,23.3,22.8,20.2,26.7,28.2,22.9,22.4,31.7,33.1,36.3,16.8,30,11.6,23.4,15.7,20.9,26.2,23.4,27.9,35.4,18.8,29.6,20.3,50,50,50,50,47.5,42.3,27.1,31.1,50,50,45,35,2,FALSE
"PNST",0,1,1,1,1,1,0,1,1,0,0,0,10,27,28,37,20,29,10,31,39,21,16,16,27,14,3,21,14,7,38,30,0,23,28,55,50,50,50,50,50,50,50,50,50,50,50,50,0.3,1,1,1,0.9,0.8,0.3,0.9,0.7,0,0,0,15.2,28.2,29,32.8,20.8,25.4,17.1,31.6,33.1,19.5,14.4,11.2,22,12.5,7.7,18.2,15,15.5,32.6,23.3,7.4,27.2,30.6,38.5,50,50,50,50,50,50,50,50,50,50,45,35,2,FALSE
"PUR",0,1,0,0,0,0,0,1,0,0,0,0,31,38,24,28,21,13,7,55,14,14,20,36,41,14,51,35,24,41,24,45,48,21,40,54,50,50,50,50,50,50,50,50,50,50,50,50,0.2,0.7,0,0,0,0.1,0.2,0.7,0,0,0,0,31.7,34.2,24.5,25.1,18,16,17.3,42.7,14.6,17.4,21.2,25.2,36.6,23.5,45.1,33.4,27.4,38,30.6,43.2,41.8,28.1,38.8,37.8,50,50,50,50,50,50,50,50,50,50,45,35,5,FALSE
"RICE",1,0,1,0,0,1,1,0,0,0,0,1,56,28,38,17,10,27,38,17,21,10,24,27,16,42,24,70,49,26,31,42,24,65,34,7,50,50,50,50,50,50,50,50,50,50,50,50,0.8,0.2,0.7,0.1,0.3,0.9,0.7,0,0,0.1,0.2,0.7,48.6,28.9,31,16.6,16.2,28.2,32.1,17.1,19.1,14.5,22.2,18.9,22,41.2,35.7,61.4,42.6,28.6,32.5,40.7,33.2,53,25.2,4.9,50,50,50,50,50,50,50,50,50,50,45,35,4,FALSE
"RUT",1,0,0,1,0,1,0,0,0,0,1,0,63,34,3,27,24,55,7,10,16,14,31,41,13,37,28,14,31,52,49,48,49,31,21,46,50,50,50,50,50,50,50,50,50,50,50,50,0.7,0.1,0.2,0.8,0.2,0.7,0,0,0.1,0.2,0.7,0,51.2,27.1,9.9,29.2,28.5,40.9,8.5,11.6,17.1,20.1,29.9,28.7,19.3,32.9,25.5,21.2,37,51,48.8,46.5,42.6,30.5,23.9,32.2,50,50,50,50,50,50,50,50,50,50,45,35,2,FALSE
"SALA",1,0,1,0,1,0,0,1,1,0,0,0,33,9,34,13,24,31,18,52,32,10,17,27,23,48,27,63,18,49,36,45,25,24,55,34,50,50,50,50,50,50,50,50,50,50,50,50,0.8,0.2,0.8,0.2,0.7,0.1,0.3,0.9,0.7,0,0,0,28.3,14.4,28.8,17,24.8,30.5,26.2,43.8,26.1,13.1,17.3,18.9,28.4,45.3,33.3,52.6,26,46,36.7,38.9,27.8,31.2,45.3,23.8,50,50,50,50,50,50,50,50,50,50,45,35,4,FALSE
"SCAR",1,0,0,1,0,0,1,0,0,0,0,0,17,22,20,31,10,24,19,28,24,14,22,32,13,26,52,14,24,45,10,35,27,24,23,37,50,50,50,50,50,50,50,50,50,50,50,50,0.7,0.1,0.2,0.7,0.1,0.2,0.7,0,0,0,0,0,18.3,22.5,21.2,26.1,13.7,23.4,21.3,25.8,21.8,17.4,21.8,22.4,19.5,30,41.6,19.1,26.8,37,16.7,32.3,26,25.1,23.5,25.9,50,50,50,50,50,50,50,50,50,50,45,35,2,FALSE
"SDST",1,0,0,0,1,1,1,1,1,1,1,1,41,7,27,21,21,28,30,48,41,38,52,31,38,35,34,37,7,14,7,14,17,3,14,14,50,50,50,50,50,50,50,50,50,50,50,50,0.7,0,0.1,0.3,1,1,1,1,1,1,0.9,0.7,32.8,12.4,25.2,21.7,23.3,30.4,34.7,45.6,41.5,40.1,42.6,21.7,37,35,31.9,28.7,8.4,12.6,9.4,13.5,13.9,6.3,12.6,9.8,50,50,50,50,50,50,50,50,50,50,45,35,1,TRUE
"SFL",1,0,0,0,1,1,1,0,1,1,1,1,51,14,17,17,45,28,38,17,22,44,65,44,3,34,35,24,24,20,14,29,17,23,27,3,50,50,50,50,50,50,50,50,50,50,50,50,0.7,0,0.1,0.3,1,0.9,0.8,0.3,1,1,0.9,0.7,40.2,14.9,19.8,23.7,40.9,28.9,32.2,20.7,30.7,48.2,54.3,30.8,12.4,33.2,31.7,23.6,22.2,19.7,17.3,26,19.2,21.8,19.5,2.1,50,50,50,50,50,50,50,50,50,50,45,35,1,FALSE
"SJST",1,0,0,1,0,1,0,1,0,0,1,0,43,16,21,49,21,33,7,31,16,34,42,23,13,37,35,23,35,27,30,21,17,37,23,40,50,50,50,50,50,50,50,50,50,50,50,50,0.7,0.1,0.2,0.8,0.2,0.8,0.2,0.7,0.1,0.2,0.7,0,35.4,20.3,26.6,41.8,22,27.6,12.7,28.3,22.2,34.5,34,16.1,20,35.2,32.6,25.8,32.9,27,26.9,21.8,21.6,34.5,24.1,28,50,50,50,50,50,50,50,50,50,50,45,35,2,TRUE
"SMIS",0,1,1,0,1,0,1,1,1,1,1,1,16,52,56,28,49,10,32,44,34,65,56,58,34,6,50,36,14,31,10,10,13,10,31,24,50,50,50,50,50,50,50,50,50,50,50,50,0.3,0.9,0.8,0.2,0.8,0.3,1,1,1,1,0.9,0.7,27.2,50.4,49.7,30.4,39.5,17.8,34.6,44.1,42.4,62.5,50.8,40.6,30,17.8,43.6,31.1,17,24.7,10.3,10.6,14.2,15.6,26.5,16.8,50,50,50,50,50,50,50,50,50,50,45,35,1,FALSE
"SMU",0,1,0,0,0,0,0,0,0,0,1,0,21,31,37,45,23,28,14,31,40,14,49,0,56,13,56,48,49,49,38,40,60,55,21,63,50,50,50,50,50,50,50,50,50,50,50,50,0.2,0.7,0,0,0,0,0,0,0.1,0.2,0.7,0,24.6,33.6,37.2,38.9,23.1,25.5,20,31.1,35.7,19.6,34.3,0,47.4,25.1,53.7,48.3,47.9,45.9,40.6,45.5,55.1,49,27.3,44.1,50,50,50,50,50,50,50,50,50,50,45,35,5,FALSE
"STAN",0,1,1,1,1,1,1,1,1,0,1,1,6,31,41,42,55,56,31,30,42,36,35,38,16,7,31,24,17,35,14,28,10,38,22,36,21,50,50,21,18,15,10,8,9,7,15,13,0.3,1,1,1,1,1,1,0.9,0.8,0.3,0.9,0.7,14.5,34.1,42.6,46,52.8,48.4,31.9,33,40.1,36,32.1,26.6,15.7,13.5,28.2,23.7,20.3,30.1,16.4,25.4,16.8,34.6,22.6,25.2,29.7,47.1,41,19.8,16.6,13.3,9.5,8.1,9.2,9.2,13.1,9.1,3,FALSE
"SYR",1,1,1,0,0,0,0,0,0,0,0,1,47,30,30,24,24,38,20,21,17,27,29,20,0,17,27,34,45,44,23,45,41,37,42,17,50,50,50,50,50,50,50,50,50,50,50,50,1,0.9,0.7,0,0,0,0,0,0,0.1,0.2,0.7,41.9,29.4,28.2,25.4,26.4,32.7,19.9,20.8,20.2,26.7,24.3,14,6.1,20.7,30.2,37.2,42.6,39.9,29.2,43.4,40.3,36,32.8,11.9,50,50,50,50,50,50,50,50,50,50,45,35,4,TRUE
"TCU",1,1,1,1,1,1,1,1,0,1,0,1,23,70,56,55,50,52,45,40,29,23,29,28,17,7,37,52,7,45,21,10,49,17,30,21,2,3,3,4,4,2,3,5,5,13,11,15,1,1,1,1,1,1,0.9,0.8,0.2,0.8,0.2,0.7,35.7,65.7,55.2,53.7,49.9,49.4,42.4,36.1,27.8,24.7,25.9,19.6,17,17.5,37,42.3,16,36.7,21.6,18.5,40.7,20,25.2,14.7,2.3,3.1,3.3,3.8,3.5,2.5,3.6,5.8,7.2,12.8,10.7,10.5,3,FALSE
"TEM",1,1,1,1,1,1,1,0,1,0,1,1,27,34,25,37,49,30,24,20,60,23,31,27,10,26,23,3,10,16,14,24,40,44,12,3,50,50,50,50,50,50,22,21,23,21,50,25,1,1,1,1,1,0.9,0.8,0.2,0.8,0.3,0.9,0.7,28.2,32.5,29.8,38.7,42.7,27.8,26.8,28.3,49.7,25,27.1,18.9,14.5,23.1,17.7,5.7,11.6,16.4,18.6,29.2,38,33.5,9,2.1,50,50,50,50,47.2,41.5,21.9,21.4,25.3,27.2,40,17.5,3,FALSE
"TEN",1,0,1,0,0,1,0,1,1,1,1,1,59,24,55,27,20,38,14,52,27,24,19,53,30,31,10,28,24,31,19,21,24,0,8,28,25,23,50,50,50,50,50,50,50,50,50,50,0.8,0.2,0.7,0.1,0.2,0.8,0.3,1,1,1,0.9,0.7,51.6,30.5,45.9,26.7,23,34.6,22.9,44.2,25.6,25.9,23.9,37.1,28.2,26.5,15,27.5,24.9,27.6,19.9,19.5,17.6,4.4,11.2,19.6,27.1,31.1,50,50,50,50,50,50,50,50,45,35,1,FALSE
"TEX",0,1,0,0,0,1,1,0,1,0,0,1,3,42,44,27,7,24,23,0,59,20,45,23,38,28,45,30,50,17,9,24,20,38,48,17,50,50,50,50,50,50,50,50,50,50,50,50,0.2,0.7,0,0.1,0.3,0.9,0.8,0.2,0.7,0.1,0.2,0.7,14.9,40.9,36.9,22.7,12,21.4,22,13.8,49.8,25.3,36.1,16.1,36.7,31.6,42.5,32.7,39.3,16.1,13.1,24.6,26.4,37.9,37,11.9,50,50,50,50,50,50,50,50,50,50,45,35,4,FALSE
"TLN",0,0,1,1,0,0,0,0,0,1,0,0,7,10,38,45,10,7,14,13,3,34,21,34,37,65,7,31,49,42,31,41,7,31,49,45,50,50,50,50,50,50,50,50,50,50,50,50,0.1,0.3,0.9,0.7,0,0,0,0.1,0.2,0.7,0,0,10.7,19.1,36.6,34.2,9.8,9,12.7,13.1,11,31.4,21.5,23.8,39.6,50,16,35.7,45.8,39.7,30.6,33.2,16,36,43.3,31.5,50,50,50,50,50,50,50,50,50,50,45,35,5,FALSE
"TLS",1,1,0,0,1,0,0,1,1,0,0,1,47,40,38,24,34,17,42,40,45,38,21,45,44,21,52,38,24,30,66,31,30,49,44,34,50,50,50,50,50,50,50,50,50,50,50,50,0.9,0.7,0.1,0.2,0.7,0.1,0.3,0.9,0.7,0.1,0.2,0.7,44.7,38,34.8,25.3,31.4,24.3,41.9,40.8,41.2,35.3,23.7,31.5,40.2,28.9,46.4,34.4,29.4,37.3,55.4,32.6,35.2,46.5,37.6,23.8,50,50,50,50,50,50,50,50,50,50,45,35,5,FALSE
"TROY",0,1,0,0,0,0,1,0,1,0,0,1,21,44,3,18,17,16,52,41,51,10,21,41,49,16,28,24,45,19,7,44,14,45,31,17,50,50,50,50,50,50,50,50,50,50,50,50,0.2,0.7,0,0,0.1,0.2,0.8,0.2,0.7,0.1,0.2,0.7,23.8,33.2,7.4,17.6,20.3,25.7,49.7,39.9,39.8,15.3,22.9,28.7,40.3,19.2,28.9,27.7,36,19.1,15.1,38.1,21.9,39.4,25.1,11.9,50,50,50,50,50,50,50,50,50,50,45,35,4,FALSE
"TXAM",1,1,1,1,1,0,0,1,0,1,1,0,38,56,44,28,30,23,3,35,10,41,25,7,17,23,27,21,17,41,23,28,26,17,0,19,50,16,17,14,14,9,16,50,25,50,50,50,1,1,1,0.9,0.7,0.1,0.2,0.8,0.3,0.9,0.7,0,42.2,50.8,39.4,27.9,25.9,20.2,10.1,30.6,17.7,34.4,18.9,4.9,19.2,23.6,24.8,22.2,22.4,36.1,24.3,26.5,21.6,13.8,3.8,13.3,39.9,16,16.1,13.5,13.2,14.5,23.7,45,32.5,50,45,35,2,FALSE
"TXST",0,1,0,0,0,1,0,0,0,1,0,0,16,63,50,14,27,36,13,21,19,16,31,17,59,24,56,59,49,18,37,31,41,3,38,55,50,50,50,50,50,50,50,50,50,50,50,50,0.2,0.7,0,0.1,0.2,0.7,0,0.1,0.2,0.7,0,0,28.8,55.5,40.5,18.8,27.4,29.9,15.2,20.1,19.6,19.1,25.1,11.9,51.7,33.9,55.9,52.9,41.6,23.1,36.2,30.2,33.1,15.2,37.6,38.5,50,50,50,50,50,50,50,50,50,50,45,35,5,FALSE
"TXT",1,1,1,0,0,1,1,0,0,0,1,1,59,69,35,52,35,66,30,27,53,26,59,48,45,20,24,55,63,31,20,63,70,31,44,45,50,50,50,50,50,50,50,50,50,50,50,50,1,0.9,0.7,0.1,0.3,0.9,0.7,0,0.1,0.3,0.9,0.7,58.6,60.5,38.4,50,40.7,54.9,31.7,32.1,48.2,34.8,50.9,33.6,37.9,24.3,34.1,54.2,52.3,32,33.6,61.2,59.6,35,39.8,31.5,50,50,50,50,50,50,50,50,50,50,45,35,4,FALSE
"UCLA",1,1,1,1,0,0,1,1,1,0,1,0,34,37,24,56,23,35,40,35,41,27,17,21,16,3,23,30,38,56,24,31,0,31,9,40,13,13,10,9,7,18,50,24,22,18,50,22,1,1,0.9,0.7,0.1,0.3,1,0.9,0.8,0.2,0.7,0,33.6,36.3,30.3,47.3,27.1,36,39.1,35.4,35.8,24.4,16.1,14.7,14.1,9.7,25.9,34.2,40.2,47.1,23,24.8,7.1,27.5,14.3,28,12.7,12,9.5,9.5,13.5,25,42,23,24,24.8,39.4,15.4,3,FALSE
"UNLV",0,0,0,1,1,0,0,0,1,0,0,0,30,3,7,80,23,27,28,27,41,35,14,28,38,37,28,8,17,33,31,55,21,49,52,35,50,50,50,50,50,50,50,50,50,50,50,50,0,0.1,0.3,0.9,0.7,0,0.1,0.2,0.7,0,0,0,22.3,11.5,23.2,63.3,24.3,27.2,29.1,30.6,37.1,30.1,15.4,19.6,36.8,32.3,22.9,12.3,21.6,34.8,34.8,47.6,29.7,48.2,43.4,24.5,50,50,50,50,50,50,50,50,50,50,45,35,2,FALSE
"USC",1,1,0,1,0,0,1,1,1,1,0,1,55,59,31,42,12,31,42,27,38,27,28,40,6,9,41,14,17,41,24,21,30,24,48,21,8,8,6,19,17,50,50,50,50,50,22,50,0.9,0.8,0.2,0.7,0.1,0.3,1,1,0.9,0.8,0.2,0.7,53.4,51.7,31.3,34.9,18.8,32.8,38.6,29.2,34.8,28.5,27.6,28,10.1,15.9,33.2,17.3,22.5,35.6,24,23.1,30.6,28.5,37.8,14.7,7.8,8.7,9.7,21.7,26.9,50,50,50,47.2,44.4,25.4,35,3,FALSE
"UTAH",1,1,1,1,1,1,0,1,1,0,0,1,24,24,45,62,30,34,24,27,34,30,9,20,17,14,24,20,24,18,42,12,23,37,17,14,50,24,21,18,5,4,3,13,13,10,18,50,1,1,1,1,0.9,0.8,0.3,0.9,0.7,0.1,0.2,0.7,26.1,32,46.9,52.8,30.2,31.3,25.6,28.7,30.7,24.8,10.3,14,17.1,16.6,23.2,20.6,24.6,22.2,34.1,16.7,25.2,30.7,14.7,9.8,41.9,22.8,18.8,14,4.6,4.7,6,12.7,12.9,15.6,22.6,35,3,FALSE
"UTEP",0,0,1,1,0,0,1,0,1,0,0,1,13,20,50,27,6,12,27,13,24,21,15,20,48,69,47,17,25,52,17,34,21,31,17,17,50,50,50,50,50,50,50,50,50,50,50,50,0.1,0.3,0.9,0.7,0.1,0.2,0.8,0.2,0.7,0.1,0.2,0.7,18.1,26.7,41,21.3,9.3,15.1,23.9,16,22.5,19.7,14.5,14,52.1,59.4,38.8,22.1,29.6,43.2,20.8,31.1,22.6,26.8,15.3,11.9,50,50,50,50,50,50,50,50,50,50,45,35,4,FALSE
"UTSA",0,0,0,0,1,0,0,0,0,1,1,0,32,3,14,31,25,31,10,23,31,30,34,7,42,30,69,33,6,34,32,30,36,27,24,42,50,50,50,50,50,50,50,50,50,50,50,50,0,0,0.1,0.2,0.7,0,0,0.1,0.3,0.9,0.7,0,24.4,8,18.5,29.8,24.7,26,14.7,25.3,31.1,28.5,25.2,4.9,42.3,38.1,55.5,27.7,14.2,33.2,32,30.9,33,27.9,25.2,29.4,50,50,50,50,50,50,50,50,50,50,45,35,2,FALSE
"UTST",1,0,0,1,1,1,0,1,0,0,1,0,12,14,17,33,56,52,14,58,13,28,31,28,9,24,31,18,14,26,48,27,14,35,27,51,50,50,50,50,50,50,50,50,50,50,50,50,0.7,0.1,0.3,1,0.9,0.8,0.2,0.7,0.1,0.2,0.7,0,12.9,16.5,24.1,39.5,51,45,22.7,46,17.8,28.6,27.3,19.6,14.2,24.8,26.7,18,19.8,30.5,40.4,25.2,19.5,35,29.1,35.7,50,50,50,50,50,50,50,50,50,50,45,35,2,FALSE
"VAN",0,0,1,0,1,0,1,0,0,1,0,0,12,14,47,16,17,10,10,0,7,21,0,28,14,31,7,27,13,19,3,34,9,17,25,53,50,50,50,50,50,50,50,50,50,50,50,50,0.1,0.2,0.8,0.2,0.8,0.2,0.7,0.1,0.2,0.7,0,0,15.9,20.8,37.8,15.6,14.9,9,7.7,3.5,9.1,17.5,5.6,19.6,16.7,25.8,11.6,23.4,13.2,17.3,9.8,27.3,12.2,22.2,28.1,37.1,50,50,50,50,50,50,50,50,50,50,45,35,4,FALSE
"VIR",0,0,1,0,0,1,0,1,0,0,1,0,16,27,35,14,19,44,13,27,21,31,42,20,34,34,29,56,26,38,26,21,27,38,34,23,50,50,50,50,50,50,50,50,50,50,50,50,0.1,0.2,0.7,0.1,0.2,0.8,0.2,0.7,0.1,0.2,0.7,0,20.1,27.3,29.2,18,23.4,36.1,16.6,26.2,25.1,32.1,33.4,14,33.5,35.2,34.1,48.2,28.4,33.9,25.1,23.9,29.9,35.7,28.4,16.1,50,50,50,50,50,50,50,50,50,50,45,35,2,FALSE
"VTCH",0,1,1,0,0,1,0,0,1,1,0,1,24,42,51,28,13,28,20,43,26,23,27,23,42,3,24,35,17,13,30,45,10,21,30,20,50,50,50,50,50,50,50,50,50,50,50,50,0.3,0.9,0.7,0.1,0.2,0.7,0.1,0.3,0.9,0.8,0.2,0.7,30.3,42.4,42.6,25,16.7,27.9,25.2,37.6,25.5,23.8,23.5,16.1,32.4,10.4,25.5,29.2,17.5,19.6,31,35.6,14.2,22.7,25,14,50,50,50,50,50,50,50,50,50,50,45,35,4,FALSE
"WAKE",1,0,1,0,0,1,0,0,0,0,0,0,41,17,17,24,16,3,14,17,19,7,13,21,3,30,14,31,24,0,50,35,20,28,33,27,50,50,50,50,50,50,50,50,50,50,50,50,0.8,0.2,0.7,0.1,0.2,0.7,0,0,0,0,0,0,33.8,17.7,18.3,20.3,13.2,6.6,15.1,16.4,16,9.6,13.3,14.7,9.5,26.9,18.4,26.5,21.8,13.5,44,31.3,22.9,28.9,28.5,18.9,50,50,50,50,50,50,50,50,50,50,45,35,4,FALSE
"WAS",0,1,1,0,1,0,0,1,0,0,1,1,13,49,31,24,17,20,14,49,23,17,52,45,16,0,17,30,12,26,31,3,34,27,7,10,50,50,50,50,50,50,50,50,50,50,50,50,0.3,0.9,0.8,0.2,0.7,0.1,0.2,0.7,0.1,0.3,0.9,0.7,22,42.9,28.2,22.2,17.3,21.7,21.9,40.6,24.7,26.8,45.4,31.5,12.9,6.4,19.1,26,16.7,24.7,25.7,11.6,29.9,21.3,6.9,7,50,50,50,50,50,50,50,50,50,50,45,35,4,FALSE
"WAST",0,1,1,0,1,1,1,0,1,1,1,0,17,37,31,28,45,52,45,28,38,31,27,10,24,34,14,34,38,31,42,30,24,27,3,45,50,50,50,50,50,50,50,50,50,50,24,20,0.3,0.9,0.8,0.3,1,0.9,0.8,0.3,1,0.9,0.7,0,22.4,34.9,31.8,33.8,46.4,48.2,40.9,30.3,35.5,28.1,20.9,7,25,30,20.4,34.5,37,33.1,37.8,28.5,22.5,24,11.1,31.5,50,50,50,50,50,50,50,50,47.4,41.8,20.8,14,1,FALSE
"WIS",0,1,1,1,0,1,1,1,1,1,0,1,17,58,28,28,6,23,24,24,48,31,7,31,35,0,3,0,10,21,7,13,10,24,13,21,20,50,24,23,19,50,50,50,50,50,21,50,0.3,1,0.9,0.8,0.3,1,1,1,0.9,0.8,0.2,0.7,26.3,49,25.8,23.1,11.2,23.3,26.4,29.5,40.5,26.2,11.1,21.7,24.8,0.6,3.1,4.1,11.9,17.4,8.5,13.5,13.1,21.5,13.3,14.7,26.4,42.1,23.3,24.9,28.3,50,50,50,47.1,44.2,24.7,35,3,FALSE
"WKY",1,1,0,1,1,1,1,0,1,1,1,1,14,41,35,56,49,58,55,20,55,35,63,49,12,38,38,14,10,28,28,48,30,19,7,28,50,50,50,50,50,50,50,50,50,50,50,50,0.9,0.8,0.3,1,1,0.9,0.8,0.3,1,1,0.9,0.7,21.5,41.3,40.6,54.8,51.4,53.6,48,28.5,51.8,42,53.9,34.3,19.8,35.6,30.4,14.6,15.4,30,32.2,41.5,25.5,17.5,10.5,19.6,50,50,50,50,50,50,50,50,50,50,45,35,1,FALSE
"WMCH",0,0,1,0,1,1,1,1,1,0,0,1,24,17,52,12,41,49,35,58,54,27,19,35,37,43,20,38,39,14,13,28,7,41,27,30,50,50,50,50,50,50,50,50,50,50,50,50,0.1,0.2,0.8,0.3,1,1,1,0.9,0.7,0.1,0.2,0.7,25.4,23.5,42.9,21.5,42,47.1,41.5,54.1,45.1,26.2,20.3,24.5,36.5,37.9,25.5,35.8,31.4,15.2,15.4,25.1,15.8,37.1,24.9,21,50,50,50,50,50,50,50,50,50,50,45,35,1,FALSE
"WVA",1,1,1,0,0,0,0,1,1,1,1,0,44,41,45,24,26,38,10,31,38,49,30,23,0,17,6,44,33,62,40,26,20,0,6,24,50,50,50,23,50,50,50,50,50,50,50,50,1,0.9,0.7,0,0,0.1,0.3,1,1,0.9,0.7,0,43.5,40.1,38.9,25.8,26.8,31.7,17,34.2,39.4,42.6,25.6,16.1,4,17.5,16.3,43.6,39.5,54,35.2,22.2,14.6,3.6,9,16.8,50,47.3,44.6,31.1,50,50,50,50,50,50,45,35,4,FALSE
"WYO",0,0,0,0,0,0,1,0,0,0,0,1,13,29,14,28,13,17,28,14,27,7,3,35,24,48,31,38,31,31,21,34,58,26,38,28,50,50,50,50,50,50,50,50,50,50,50,50,0,0,0,0,0.1,0.2,0.7,0,0,0.1,0.2,0.7,16.3,25.9,16.7,23.9,15.3,18.9,25.1,15.9,20.6,9,9.1,24.5,29.5,43.6,32.4,35.9,30,29.3,27.3,38,49.6,28.6,32.2,19.6,50,50,50,50,50,50,50,50,50,50,45,35,5,FALSE
